first_name,last_name,email
Olivia,Chen,olivia.chen@example.com
Mateo,Santana,mateo.santana@example.com
Priya,Desai,priya.desai@example.com
Noah,Bennett,noah.bennett@example.com
Zoe,Martinez,zoe.martinez@example.com

